"","Sepal.Length","Sepal.Width","Petal.Width","Species"
"Sepal.Length",1,-0.117569784133002,0.817941126271576,NA
"Sepal.Width",-0.117569784133002,1,-0.366125932536439,NA
"Petal.Width",0.817941126271576,-0.366125932536439,1,NA
"Species",NA,NA,NA,NA
